기간,지역,원자력,유연탄,무연탄,유류,LNG,양수,신재생,,,,,,,,기타,합계
,,,,,,,,연료전지,석탄가스화,태양,풍력,수력,해양,바이오,폐기물,,
2021/09,합계,32.74007739,94.72800574,115.70386769,213.88820718,125.42709422,130.29143442,96.7323837,97.0709028,98.7403649,101.3614549,109.2927563,93.3066187,150.9736834,0,100.62105501,88.37177909
2021/08,합계,40.96712466,99.64399186,109.68738563,532.42806458,141.93106579,163.84047231,92.6850495,92.7576511,97.9136241,100.6974973,114.3688235,91.6457939,156.942158,0,98.20623648,98.44885188
2021/07,합계,64.28444661,99.91434622,99.60551811,212.50402631,121.21698307,137.92916329,86.1050101,90.2787505,91.089834,92.72835,104.7636151,85.034383,142.752771,0,91.46407923,99.19819252
2021/06,합계,69.58648274,91.96798163,87.97843256,183.70142076,101.1989979,102.76728438,82.1299504,87.5,83.944343,86.6458097,90.9281638,81.2522193,125.5759618,0,18.76266708,89.6313753
2021/05,합계,64.64810568,84.9650667,83.14608531,163.52840868,94.27888058,94.53845518,78.5520332,78.5936814,78.9505774,80.7706555,83.7225699,78.3327445,105.1592072,0,80.544775,82.19113102
2021/04,합계,62.56654164,80.60258847,78.76481946,190.20489751,88.54660397,90.28889388,75.7803774,75.8105682,76.3381412,80.4397262,80.2147732,75.8615521,108.2728171,0,78.06710775,78.36256078
2021/03,합계,69.46125877,90.09813044,87.53677174,228.64110815,99.03108113,100.2326464,83.6141483,83.703714,84.7485139,89.0520978,90.351124,83.7674624,115.3005174,0,86.03088385,87.39647126
2021/02,합계,71.78331426,90.91004596,95.04657197,208.98914204,106.84043241,125.5796997,74.7028338,74.693871,75.47498,77.9309317,93.9059745,74.6225484,106.041088,0,78.91643911,90.72377975
2021/01,합계,72.43854708,91.12438996,81.9701294,175.79733557,106.68543744,146.17479833,70.0970036,70.1082067,71.1658549,72.3086273,93.1833488,70.6775058,106.487029,0,75.00856517,91.79546517
2020/12,합계,72.90218268,82.36681002,79.06149519,149.45826414,99.02642367,123.10939128,66.6742617,66.8431802,68.0250892,68.5414183,86.441445,67.0702582,96.8783166,0,70.67271751,85.64872839
2020/11,합계,51.0150919,59.97991822,59.31836237,164.92280559,67.70369997,79.27684116,49.4960171,49.6555389,50.1399256,51.221579,60.3894882,49.6585309,80.884747,0,51.33205627,60.17150801
2020/10,합계,49.69607462,57.7732282,101.53408233,179.22132332,63.45862453,66.26933189,50.0582107,50.2195469,50.8239716,53.1987195,56.1912767,50.2217404,87.2891801,0,51.31575121,57.23947704
2020/09,합계,57.34674171,65.88382766,160.99330173,173.04740745,76.82324877,87.30823153,55.0308102,55.1813571,57.7098987,59.6615575,64.3811489,54.9485098,98.1468406,0,74.61486737,68.85435906
2020/08,합계,69.72101125,79.91048146,84.91175221,299.94171108,103.50722043,126.3825993,61.4327457,61.9494241,67.8661039,67.9786578,75.4084378,60.2895037,117.8475992,0,90.1096834,84.68061431
2020/07,합계,76.55064612,90.1279391,82.54074525,933.78421366,126.77972302,141.23606103,69.5922607,72.4061542,76.8918503,74.0650596,89.4382942,66.951593,127.3905086,0,94.85722957,95.16641536
2020/06,합계,61.47366731,80.8042972,71.40146754,354.61677605,102.13917615,107.41174719,69.0432406,0,74.6681,73.7871585,84.2665796,66.60303,113.3406628,0,89.79045065,79.7264922
2020/05,합계,46.45436493,77.25511662,72.7924399,270.74317185,100.79498813,98.45728221,69.4606595,69.7239802,73.9347733,75.5889398,79.5276388,69.5839889,128.8347939,0,78.98256122,70.64181186
2020/04,합계,48.92232611,80.3314791,78.98670735,171.37081619,96.11901662,95.43386752,74.1253948,74.2243741,76.0847634,83.5018909,82.5102917,73.4753404,133.9901549,0,81.05571333,74.2414846
2020/03,합계,56.37741527,87.15150017,89.24805675,202.39827152,103.6264755,117.37524935,82.9047185,82.9942726,83.7981292,86.8002752,93.9604793,83.2074978,123.0662999,0,84.62054235,83.03626856
2020/02,합계,60.74314064,91.18974621,91.50288079,275.32104569,114.60055383,136.72806633,81.4258479,81.5320062,82.2994522,85.4858265,101.3488709,81.5065487,130.4630102,0,95.74561694,90.89757949
2020/01,합계,65.1539579,96.05033677,96.16491583,258.84040092,121.08463932,154.71876877,83.8182195,83.9411293,84.9796165,88.7479951,108.0660781,83.7964788,145.5895026,0,96.32430884,98.03552973
2019/12,합계,81.28033039,86.7753185,94.02063966,174.69631994,113.0782396,119.73317023,83.439445,83.5216153,86.0766053,92.8751569,106.7411254,83.6389639,130.4606549,0,97.07443035,96.40268309
2019/11,합계,64.31181087,79.88866096,86.28702736,241.39025745,99.58010201,101.01315124,80.6873489,79.669353,85.6266715,97.3793158,91.7989242,81.1828548,116.3022905,0,97.3170425,83.53307656
2019/10,합계,52.6415696,77.79960947,90.52714756,201.5610977,106.17364287,104.68270647,86.3976533,86.9827471,92.5919745,104.2710233,94.7011157,86.5278544,122.7499076,0,86.26923307,80.23925411
2019/09,합계,50.66897563,76.51210859,83.98689336,332.79634933,102.57342669,105.38944542,77.8569783,78.1480794,86.170724,97.9844201,91.700402,76.8721387,124.82314,81.8273507,77.91192204,78.08995621
2019/08,합계,60.68451064,88.84008912,96.85905631,346.2132947,124.46249974,128.39933493,82.9099528,82.921356,92.4127569,98.1485129,105.4536887,80.9963627,144.7820223,99.9766228,83.18661291,93.42257906
2019/07,합계,57.34323416,86.16252735,92.07526414,393.79210836,120.36750862,121.69650405,78.038049,82.1459772,87.0946742,91.6892455,100.6599858,75.8996228,123.1382424,100.2509477,77.90361741,90.23432103
2019/06,합계,45.0403618,77.0444976,83.48737454,289.77030954,105.11407766,99.3803411,76.8949555,75.5484962,84.4047297,93.2675302,88.8156986,75.5521296,106.1640486,96.4189985,76.95078767,75.07439809
2019/05,합계,43.4928264,73.66049781,84.71014155,226.98940374,94.12616841,95.1704667,78.6258345,78.5915584,84.0292558,89.7711386,85.9818743,78.1142938,109.2643718,82.3370689,78.85889785,70.08884097
2019/04,합계,52.8253925,84.81556903,105.21906472,215.6477282,114.16807465,115.50284027,98.5693712,0,102.5761929,107.0672702,106.4156496,98.8300158,116.5698597,87.6434906,98.56141901,84.1989103
2019/03,합계,61.98500745,94.4905607,124.46462309,168.4701338,135.98354667,138.28061691,111.737306,0,112.9855635,118.3284394,126.443324,112.6414028,111.4654655,90.0212099,111.86442614,97.91755394
2019/02,합계,64.60272859,96.71286795,123.44124493,241.13608862,142.40877037,150.24397579,104.3620608,0,104.4627683,111.7455711,130.9134399,103.5805744,103.6562032,102.9773193,103.83113319,103.13252668
2019/01,합계,71.51296183,104.75545838,131.98236795,238.65983731,151.78885326,159.22031476,110.4121626,0,113.2553764,120.4970241,139.2841888,110.6463184,110.6451679,107.1950597,110.61896861,112.77122302
2018/12,합계,71.86873338,78.87820986,126.7121043,251.17857134,144.15701334,152.08490976,108.8918774,107.8894036,112.1424823,124.1732625,130.4271302,108.8073005,109.3290902,106.5237366,108.94585785,99.16537552
2018/11,합계,62.60193131,73.68133559,113.80349041,238.31627122,126.0342122,126.08944477,104.2647507,104.3664399,108.6343626,115.7744675,115.1468976,104.6035921,104.3978719,107.8482257,104.45682762,87.78228237
2018/10,합계,58.21142931,70.70030338,107.2576369,174.50023238,117.0691418,116.31552249,101.5566008,101.3677579,105.5499734,113.275904,109.0091502,101.5804373,101.6425975,87.2380553,101.63722743,82.28742315
2018/09,합계,55.48334474,70.507718,103.45751843,272.73951618,124.47647075,115.55684644,90.2912681,90.2895447,96.0507334,106.536495,103.9033711,89.1024257,89.6579338,83.8390434,90.58319471,80.58055058
2018/08,합계,61.73313945,80.4145303,102.05098415,194.29826609,124.44534943,127.31950975,89.1508117,89.3139097,98.0847081,107.1180286,109.8477267,87.8126714,89.8456742,105.8066581,89.16866852,89.64482117
2018/07,합계,63.11517154,87.36316096,97.60068272,202.64441292,122.30262602,127.2453681,84.8025525,0,94.9825245,97.916206,102.7867894,82.6561896,85.4936379,104.8332886,84.98077566,92.19713913
2018/06,합계,60.04301175,83.60063754,96.25399243,199.72551606,111.08546725,115.10634281,88.7290722,0,93.4437121,97.8704585,100.003597,87.753841,89.1190117,102.7712496,89.09720729,86.89488597
2018/05,합계,55.35784803,79.06008739,93.54768682,165.27335979,101.45301897,106.00714406,86.7352682,86.865759,90.1977057,94.9564306,94.3036837,86.1605251,87.5123154,84.4298954,86.79882729,80.42395969
2018/04,합계,57.58065783,80.54125403,96.22307549,185.72356683,103.65891913,108.09594191,90.2556792,90.3854263,92.9296728,96.6900073,97.5972775,90.057801,90.7226994,85.8197623,90.26130673,83.92871967
2018/03,합계,67.52618931,92.18324856,108.98176248,151.84862681,124.37057211,131.41284595,100.9126106,100.9128858,102.5871053,106.959316,114.0962165,100.7062749,101.210552,87.4803743,100.96982033,98.68231102
2018/02,합계,64.04876615,88.23401635,105.69004032,152.83425533,122.61950791,135.62568489,89.3938541,88.728818,90.0812438,98.705369,110.8664641,88.4955692,90.0253186,101.4211196,89.14453715,95.10424298
2018/01,합계,68.10434226,91.88025867,110.41130748,142.56872246,126.07605105,142.25440449,91.4736381,91.5602452,93.6985842,101.877064,115.1818481,91.4174153,91.8578763,105.0588126,91.52002443,99.59004858
2017/12,합계,81.15629745,77.95783464,104.13831685,141.31774724,120.41701501,127.29431775,90.1736727,90.277143,92.6292434,97.8695739,110.894261,90.0512352,90.6022505,97.2772872,89.94503162,93.76153364
2017/11,합계,68.99004843,68.61094441,89.65545714,160.01095509,102.49845098,103.45697445,80.7356734,81.1495496,82.9513715,87.5330139,92.0234344,80.7730631,81.2613422,95.7284113,80.25223118,80.04898968
2017/10,합계,48.26462948,66.13798418,81.08652666,186.14461761,98.3971165,87.14363441,70.7971317,0,75.8617604,87.0269097,80.3674434,69.6441047,71.0843711,95.296046,71.58844607,68.75574717
2017/09,합계,52.29107606,71.08681296,84.88589136,211.58203423,108.88986555,100.93751421,71.6439784,72.136402,78.8528168,83.7433205,87.850294,70.677925,72.1193979,95.8904055,71.63096008,74.42505777
2017/08,합계,57.22600026,75.19273337,89.98391416,214.63498602,112.52939657,110.24358076,74.7529573,74.9131275,83.5173589,85.0458724,90.7314838,72.901429,75.5158122,96.3572046,74.80431934,81.17788294
2017/07,합계,57.70714582,75.20649474,90.11320595,178.19384914,108.7645395,110.97307769,75.1000989,71.0773168,83.8239372,82.033617,92.2976703,73.823237,75.7739645,96.5844731,75.24331375,81.3108728
2017/06,합계,59.36753472,83.95019676,93.79936799,196.32563218,108.03738119,105.1213857,81.6665311,82.527812,86.4791703,91.6492214,97.411108,79.8097421,82.1225134,96.8794675,81.56232358,83.995183
2017/05,합계,53.09978672,77.38179346,84.25130966,173.1844542,101.72408819,96.2247251,77.8975394,78.1390087,81.1705218,83.0064206,87.9884475,77.1242296,78.5063219,96.3549422,78.08648743,75.17539205
2017/04,합계,51.35821394,74.02539641,80.54925293,168.84565702,95.62229768,88.85466893,74.6075323,74.5921312,76.8812808,85.4003677,82.0109086,74.4498968,75.298629,95.5896172,74.5218832,72.13873888
2017/03,합계,65.93672016,91.00699191,109.20660436,233.32079014,120.71219186,116.04641072,91.4749455,91.6494092,93.6387798,102.888498,105.4990117,91.5142915,91.9017788,97.5862805,91.44779928,92.09822559
2017/02,합계,69.36297417,91.81196888,107.88637216,144.33163291,125.4562194,122.43741292,90.5821177,91.3095957,92.6141526,99.5005538,108.324932,90.4554927,91.0754414,97.463622,90.53474778,94.9731073
2017/01,합계,67.56692708,89.84607596,106.07631755,142.24645167,123.92757279,125.21180114,85.381833,88.1371249,85.4945169,92.117047,105.5122541,84.7493413,85.7141153,96.9134255,84.991933,93.11734016
2016/12,합계,95.45168566,92.62685039,106.89061086,125.47607843,125.20708278,137.74042891,86.5778114,87.0226804,88.4583974,91.8257149,103.6685012,86.8359684,86.9500902,97.0394883,86.48338253,102.28147267
2016/11,합계,79.44738993,77.11712542,87.2969689,123.07254124,97.27379093,104.1778228,74.7257742,74.6456558,76.5392877,81.7556224,87.268828,74.5689484,74.9259092,96.0513722,74.63527092,84.90745725
2016/10,합계,70.75876709,68.34078613,78.25628445,90.00923578,81.81607974,83.94211224,73.1622635,72.8179902,75.2228667,80.1065727,80.2674257,73.0939742,73.3189506,96.1208593,73.05982893,73.742471
2016/09,합계,67.0335952,69.232341,78.62563499,126.24816628,88.84805511,89.07143285,70.6334614,74.9530075,73.5514967,79.462342,82.7980566,69.1877844,71.7830294,96.0248796,70.40084483,74.56287659
2016/08,합계,60.55503309,69.93531478,83.16109276,128.35063412,94.66374508,99.28042534,70.8556382,71.6370717,75.3896623,78.1969056,87.9440747,69.9925968,71.3475049,95.8892038,70.93128004,74.67033058
2016/07,합계,57.86798634,66.99859648,78.80977823,103.11394635,91.97647535,101.88994361,66.2208738,66.9322812,70.4017486,72.3851885,78.3642564,65.1662023,66.6935816,95.0417247,66.12712992,71.7856486
2016/06,합계,54.42535877,63.44039013,74.61984044,98.51163718,84.81662438,91.5360244,64.9079747,66.0733534,67.0079773,69.3668966,77.8858181,64.1601363,65.3373855,95.1060679,64.83629349,66.74544422
2016/05,합계,52.33894682,61.17166782,73.86930639,80.29941028,77.76084981,81.62013288,68.273778,72.4813433,69.4550546,69.2607851,73.6459541,68.2418931,68.0590181,95.3765469,68.14009374,62.85318431
2016/04,합계,57.91889862,66.1240326,82.09959441,87.23452923,86.23640359,95.82758005,75.13459,0,74.7041589,75.6724769,80.9722696,74.8122004,74.9311882,96.0784535,74.92838318,68.33472418
2016/03,합계,72.53424974,79.80331289,99.48166646,108.55275886,110.8601469,124.06297936,87.1510607,0,87.2468548,86.7980508,97.981191,87.3840137,87.0930101,97.11593,86.92291452,86.37264847
2016/02,합계,73.18803356,81.54985719,104.61851524,114.20613763,115.30886417,126.04974476,86.572312,93.6799993,84.3339392,86.96695,102.1912616,84.2187869,86.3306595,97.0005862,87.80803748,88.45106712
2016/01,합계,78.18521329,86.08053271,108.88798943,121.76628495,121.70577067,138.72819851,89.9194473,90.6694993,90.4251969,92.0125757,108.6188622,91.0983231,90.031337,97.5194004,89.05262619,94.10576771
2015/12,합계,74.62369018,82.66081699,90.44177276,129.70273941,130.56542277,139.82884547,107.8052919,0,208.8377394,96.8666263,109.9777541,94.7275354,94.9486473,98.2757326,94.8390009,92.65500705
2015/11,합계,69.43578059,77.91267932,86.71075692,119.0518109,119.25516157,129.35932066,137.241821,0,98.0849571,96.7657295,102.4025446,95.8743037,94.7641979,85.9514945,94.27784936,85.03442184
2015/10,합계,67.20948627,76.99599876,82.3926886,121.56873669,109.04135438,121.91769023,97.9341142,0,211.9372933,99.2265751,106.3100061,98.0388981,97.9848695,98.6757764,97.98942047,82.70632728
2015/09,합계,63.70032092,74.52446408,81.27947704,167.3663622,111.89648392,115.21358587,99.9359591,0,93.3832236,99.6579782,100.1784735,84.635043,88.1229684,97.7367706,88.76428725,81.46242302
2015/08,합계,64.87082552,73.85501134,82.11313895,196.31622751,111.90606772,112.76081595,105.5485274,0,94.2535427,96.0592646,101.5806285,85.0872361,87.9282235,97.5314529,86.80709534,82.24847592
2015/07,합계,61.83515481,70.96446361,84.30807601,279.54751805,117.08600638,113.97758733,81.1205257,0,90.4376202,91.9584256,95.3806641,78.0732355,81.1558733,96.4156455,80.11093502,78.47895216
2015/06,합계,46.42496669,76.13985273,97.56937512,193.95196838,107.44311189,141.41059868,134.0499386,0,459.6504377,95.1981382,95.9177858,82.1787353,105.4642401,97.2242989,82.78688525,76.53708432
2015/05,합계,46.09383814,51.89822958,104.65298709,132.6054599,105.81189197,122.65539607,98.482715,0,99.7566696,103.659371,101.5275676,95.4239733,103.5455749,98.4538339,95.62923888,65.47015264
2015/04,합계,50.0235759,54.08045905,112.45311935,129.32599779,113.94793352,130.09017306,121.1135138,0,145.8354702,109.0584152,109.1585991,103.2841614,149.0300516,99.2132486,102.71493213,70.72086522
2015/03,합계,62.34463217,64.92289542,134.23203696,145.08296889,142.12556932,145.68658243,123.5058801,0,153.0227093,118.291241,130.4646802,118.1807103,118.0776247,101.3351949,117.79744346,88.73374275
2015/02,합계,64.90546482,67.43956122,143.15184249,182.0172113,153.34391077,160.31808625,118.5077693,0,245.9985267,127.4974979,138.9336418,112.5170674,193.5742797,99.0787965,116.69941061,92.78241573
2015/01,합계,76.56840959,73.84935601,164.3736242,214.86128663,169.66174905,179.2937291,140.1312892,0,142.0864711,146.7581384,160.9104086,140.1279575,140.2961782,106.5225753,139.43789665,104.22782561
2014/12,합계,44.34461076,62.89287502,92.71964321,203.28704687,159.0671703,167.13194327,147.5366656,0,213.3768809,149.0109883,155.1429518,143.3945821,216.438575,130.89818,142.95366795,89.9383922
2014/11,합계,52.85629378,65.89022694,89.90670848,243.615897,148.97469466,153.17896928,170.4344157,0,146.4387174,144.5534844,141.916235,132.828115,133.1052375,123.3074701,132.68450933,88.07471337
2014/10,합계,52.17421426,63.99527541,90.65210828,280.98746076,148.68646042,147.8492607,161.4889269,0,219.0904771,145.7302001,140.3382419,131.2390336,131.5459121,122.1831948,131.37614679,85.83666765
2014/09,합계,49.92178616,64.25722387,91.67868727,233.18906045,154.73598973,154.81854029,128.3049622,0,171.8900677,149.5646721,139.5955913,123.0554633,128.4351863,94.4694726,136.73469388,86.13366193
2014/08,합계,54.56709575,62.34650782,90.99789334,345.45043412,166.53128794,161.70948477,176.0742197,0,145.7949017,140.2772237,145.7899805,121.546275,126.4205328,90.7205206,127.88732394,83.86576791
2014/07,합계,58.94875987,65.26974523,96.64169845,221.78182052,172.5259161,181.25212207,140.307393,0,250.6449001,148.8306462,164.8609629,136.5287113,140.5426101,94.8382189,147.39884393,93.27167505
2014/06,합계,52.87215004,74.96665344,83.85882811,210.17114184,158.44389434,164.1142545,202.403315,0,587.7630954,145.6541523,149.4511073,132.9184358,231.0995941,93.302092,141.29213483,90.98881038
2014/05,합계,55.35317858,61.55133148,82.86861851,210.00273012,160.38605152,172.66366492,143.0712619,0,149.8514971,150.4273345,156.4653543,142.0351034,143.5508101,97.9883891,146.35364635,85.90452792
2014/04,합계,57.49358965,63.206557,88.11975553,219.92270062,161.30110009,180.6070442,159.5384796,0,167.2088235,163.3447891,163.3900327,149.0946171,149.9541248,98.8297154,148.34874505,90.37359544
2014/03,합계,61.37187646,66.19281302,95.15044535,201.12217453,173.00908515,198.05244629,169.2775338,0,169.9400102,173.3628398,180.3732538,160.8581975,206.1338133,101.2028127,162.10902592,100.00938708
2014/02,합계,57.61622733,63.80917607,94.43435921,201.65966201,165.02327211,201.01158508,151.1975951,0,245.1106101,167.9419807,173.787295,148.9800045,151.2040485,100.3243996,149.73913043,95.02653766
2014/01,합계,58.89224004,66.88606766,94.7362637,226.92833788,162.22239658,190.89796782,146.7222554,0,175.0847559,152.8491682,165.9630256,138.546602,140.727411,96.0438241,138.78691141,95.16022875
2013/12,합계,12.84203113,46.01305471,70.60039715,203.70602643,153.99877686,192.98480202,159.3582401,0,207.425635,159.7440651,166.1212015,148.9389103,148.4058037,100.3661689,146.51539708,76.13118841
2013/11,합계,19.46068849,47.72363565,74.6395266,208.32885806,148.33996462,179.13655292,147.2646867,0,151.7190837,155.02123,160.294775,143.5230096,144.4233392,92.7640028,143.49710983,76.39503635
2013/10,합계,29.15562859,53.09668371,89.43712755,215.44236857,161.62013448,193.9114283,158.7440802,0,186.2228313,169.7161442,172.0489664,151.0793855,155.31437,98.8130739,164.78873239,83.30091547
2013/09,합계,26.65035773,54.58357515,85.20039457,231.97828757,158.26669867,178.21927182,180.1791131,0,221.5479818,154.3445891,149.161946,123.6110509,181.0666044,91.1683207,,74.5233547
2013/08,합계,32.72627349,56.82661138,94.51862715,232.63129829,166.90398968,211.41468415,150.9993703,0,163.3121247,156.300564,168.7443008,150.9524569,152.3092689,90.4999509,,87.36958815
2013/07,합계,52.48469948,67.28927812,102.9004044,227.78421647,169.92085399,228.36444142,151.7940696,0,166.8265486,162.5725517,168.0465285,147.48837,150.9979348,102.2055255,,98.27168824
2013/06,합계,48.84956812,63.24140628,90.15944843,229.8655213,162.37215196,214.57480328,154.1877259,0,167.1739433,171.0903467,174.0569565,149.1902778,154.7058249,102.3435207,,94.19890626
2013/05,합계,47.97603198,61.54474515,90.10872669,230.18516814,156.46233391,200.64820381,148.1718253,0,157.046506,156.2350768,165.4957027,146.3798903,148.8246514,100.2637102,,90.39804959
2013/04,합계,51.31067176,62.23139533,96.85465118,219.93648071,165.64377134,211.54832322,160.7864861,0,169.5806384,174.1313532,177.6105308,158.5951524,161.223762,106.2843797,,97.00831299
2013/03,합계,48.47597933,63.30732889,91.80642664,213.73443908,162.36697608,206.59124458,150.8428255,0,154.1597643,164.9597515,164.2467504,149.7925752,150.7948375,105.0894179,,89.99655558
2013/02,합계,48.24412938,61.72956251,101.30964972,212.73229756,160.6022135,208.15897921,148.4144941,0,151.3622838,164.3976019,165.3436737,145.8002186,149.0050545,103.5773757,,90.06842463
2013/01,합계,52.67065231,67.11492288,105.35187713,232.31178917,164.65006456,229.36176021,150.1203549,0,160.2095334,165.5420904,172.8669848,151.3720312,151.3844452,103.0749609,,95.79322467
2012/12,합계,28.4450052,48.96202152,73.60983696,237.93704138,147.68508234,241.53337775,161.6805642,,183.3948921,172.3249168,189.889589,164.8029994,160.607851,73.8494442,1983.40061095,80.4010413
2012/11,합계,25.85991179,51.64820322,78.97060246,240.28663435,136.01626365,181.22077436,136.0952341,,145.8535188,160.026981,156.5642234,137.4416207,137.2905085,73.5841913,1036.92302914,75.19710256
2012/10,합계,27.34083833,53.33304414,68.25572874,249.90205072,154.55028961,192.0295637,146.425405,,156.8840746,172.0137255,166.4719398,143.3860396,147.4964526,82.9641489,1006.34838818,72.21361186
2012/09,합계,25.37241606,55.72939487,77.47182373,257.36078755,157.51381203,163.95202392,130.2054992,,138.2318632,147.9076848,145.4953522,123.8456155,130.2399953,68.873161,792.85229273,67.46672217
2012/08,합계,42.53954494,69.40335322,105.45871003,260.45366987,182.57438767,213.44272078,157.0363475,,174.109206,170.2861179,176.8482732,151.5374749,157.1921793,71.4878826,982.43612912,91.39195171
2012/07,합계,45.70925296,70.58629689,110.26109915,266.81261516,197.71036259,245.34117095,181.0258423,,197.380453,186.9103954,206.5875797,176.0869639,181.5254529,96.2941133,2233.69418601,100.2818551
2012/06,합계,38.92943957,64.26100991,102.50230958,263.41021857,177.85202884,228.55120043,174.2107627,,189.2709655,193.0190495,199.902343,168.3611061,174.4857623,94.1190146,9914.69903558,89.83488101
2012/05,합계,40.46104874,67.91038038,108.91145691,253.99914818,171.03598721,218.58906223,167.7693862,,180.1514842,183.4627947,186.4078899,165.3933018,168.9181751,92.3399525,1320.68802272,92.46151247
2012/04,합계,47.54981764,77.7751285,126.36827951,245.57835713,167.43610866,205.21390406,155.1878517,,162.5058303,175.8639061,169.5288612,152.7905112,154.4031664,88.5375488,1091.67190729,100.87955431
2012/03,합계,51.97012088,81.07408344,136.58580835,257.14755402,187.27550935,250.24889748,174.2341929,,187.7457996,193.1914548,200.4660176,174.7980904,172.5403712,68.1158173,17653.5295148,108.16882767
2012/02,합계,47.9520417,75.8745221,125.99656837,248.67633094,170.27390796,241.39782371,156.9481175,,173.035506,183.1499679,185.3791564,154.3399723,157.1449253,66.0877502,2565.91518249,100.15267541
2012/01,합계,51.29545983,80.02739602,129.4265346,258.71796342,172.15887774,221.2156981,144.5833144,,146.4424504,165.3502688,174.4167884,141.4300867,145.3194863,81.8696162,1925.93570856,100.81974523
2011/12,합계,39.6371766,71.60993217,97.51112222,241.67114712,158.76702992,207.11009216,144.3128807,,153.3569177,162.22092,163.7345997,145.0654135,144.8550462,81.3333948,1581.08598479,90.3871001
2011/11,합계,38.43693044,66.3369195,95.08742084,257.37015228,157.12770941,188.40466357,138.3656278,,144.8575369,151.990559,156.5980684,138.1073168,138.7677285,82.8369402,984.94808396,80.71225783
2011/10,합계,34.97695589,64.52207372,87.28245162,276.51748768,143.44293095,178.83040534,121.8111379,,127.6778399,147.4812887,140.0597828,122.2529291,122.4507016,79.0606697,761.14590716,72.7558981
2011/09,합계,36.16238093,65.96855597,88.87985012,249.75503741,154.17838647,161.90442562,128.4919852,,144.0492355,152.2613532,146.6533787,114.90909,128.948365,81.0846713,643.21410675,79.75526027
2011/08,합계,37.26666873,66.88803948,92.04241528,342.46805264,155.73743829,147.74957147,112.4656796,,129.5008361,137.1873467,127.1501881,115.6579163,113.3080875,77.825774,567.00593362,76.49671698
2011/07,합계,37.76673951,65.97810913,91.54435515,336.09639055,156.93553738,155.32958887,114.8092605,,134.2238783,143.5255334,128.7501709,129.809739,115.5646474,78.346893,1083.91550625,77.87051326
2011/06,합계,39.56398217,68.75205839,103.4116805,240.28325414,133.04353817,158.31329295,117.2415752,,125.13877,137.5998835,130.1295099,131.7974084,119.5690223,78.7071644,2010.83926755,79.02396753
2011/05,합계,39.12765521,68.49574932,106.04525222,296.53477022,132.38867358,168.23563075,116.1049226,,119.3902102,135.7521314,125.7460703,123.4522362,116.8369579,76.8549136,1380.79651425,74.13318224
2011/04,합계,39.13500586,67.02943973,103.34399671,218.79155072,126.05700623,175.06145796,116.294103,,119.8281771,132.7054833,131.8409321,126.2981174,116.7843257,81.1499809,391.08098526,75.271944
2011/03,합계,40.78655921,69.19848485,101.31804423,186.31754328,129.67674502,175.02044613,122.4380377,,127.5186298,136.9263546,138.6894139,133.2795203,122.4295315,79.1214111,825.54704883,80.18813912
2011/02,합계,40.02402006,62.10880262,106.92454609,179.06441964,131.6897421,165.84101495,120.3490929,,121.7424794,132.3397472,141.159599,126.0941339,121.3467134,77.8839994,1155.85274725,76.0528439
2011/01,합계,46.92417148,68.37197899,112.31106878,182.33296011,135.54013891,185.53798912,130.3821251,,138.9382994,140.8264117,155.5247219,128.996011,130.6638138,78.3401912,1993.40307755,88.41403711
2010/12,합계,33.97723862,59.80640454,108.29889722,170.30561478,129.3402477,211.25799157,128.6103248,,140.3231303,135.5832396,157.6446363,148.1651189,130.220641,67.4305288,1242.76373979,75.84499134
2010/11,합계,29.26259787,57.27541622,95.93613522,198.61238316,114.03823681,166.55497887,104.3846509,,108.0464007,112.3329785,122.0837707,100.5539685,104.3180374,73.553018,746.10252591,63.8922045
2010/10,합계,30.3797222,59.14521433,99.68110539,219.22528954,122.84693157,175.12323556,110.3511194,,116.0977204,123.4540328,127.1044161,110.2756615,110.7688787,71.5654267,748.84775468,65.04955257
2010/09,합계,30.67390224,58.14099081,105.38949871,199.14841711,132.51357904,172.05318595,109.6735496,,124.6202202,119.5852802,125.7837814,126.647547,111.5127889,70.0194969,872.79547018,68.78939747
2010/08,합계,34.82591795,62.76603025,107.43444637,213.91336826,145.30868308,204.47561227,115.4826262,,134.2880791,115.5768078,137.3211373,130.1923569,114.9861897,72.6434587,13851.03397341,74.63690512
2010/07,합계,46.36721903,63.03584313,114.44095229,211.28555012,141.02078435,235.00036681,109.9652446,,130.6085432,116.5780708,136.9000221,121.2854525,111.0882934,68.1559105,947.0655291,76.85562512
2010/06,합계,42.95397259,61.01557774,109.22304801,184.55526038,131.17457872,218.26800326,111.4168367,,126.1484927,119.31321,132.0507601,107.9626461,113.2808725,72.3093246,656.98398028,72.69658053
2010/05,합계,43.74300233,60.87248609,110.70421972,181.4910398,127.72523094,188.47371788,114.2278037,,118.9239322,120.7997098,128.2526364,0,114.5632891,74.8074123,801.47834369,71.69517292
2010/04,합계,43.8520527,57.74141419,110.97902223,180.61835951,120.08556533,192.11715248,114.3158516,,121.3266572,121.8776216,128.11911,124.0118423,114.5549329,61.484684,1613.07485733,72.92743523
2010/03,합계,45.62131436,60.79513391,117.85959217,174.42496362,121.9243146,199.32019047,118.9769797,,130.187434,129.935726,139.0873847,117.6916815,118.3870143,56.3121283,1418.08577086,76.48120042
2010/02,합계,44.53809197,62.2122564,119.40161607,173.44953667,126.05941265,210.68994828,116.6434508,,127.7871685,133.565343,144.0883209,147.8435673,117.4540918,42.7900726,1367.36273185,75.81448698
2010/01,합계,49.31563138,65.72964173,123.52400411,169.40433153,130.63629225,250.14629267,120.1220651,,129.0480443,127.6960649,152.2358975,0,120.4317687,42.3279706,1389.74709803,80.59454229
2009/12,합계,43.93302919,61.0908403,112.86248938,152.07073866,121.84886292,192.38541144,115.8707977,,120.3572371,116.4213668,137.0590856,124.8998397,115.6348251,16.2741316,2084.2175038,73.57679595
2009/11,합계,40.38732999,59.92850884,101.50901204,160.98519582,117.00136722,198.91601699,103.180568,,108.4637191,103.2735945,121.4457983,118.5844371,103.4897592,7.7745868,1748.35931328,68.14659318
2009/10,합계,33.38070712,54.14613831,88.8842904,272.71898751,108.38624412,143.08977309,80.6582892,,84.5891579,80.3311274,101.203976,93.75,80.2849827,7.8827487,949.42190419,56.83586926
2009/09,합계,32.13557818,54.64163763,83.66021957,221.01350538,98.00132212,133.95073788,78.1559873,,85.6569223,78.2285215,95.7364692,0,78.4801649,6.9493171,870.33635131,56.87790527
2009/08,합계,35.50909545,56.55363913,93.08581316,248.42663597,119.54114136,133.24422239,73.6656976,,86.0105518,73.4427817,91.1854372,0,72.9482516,5.1652741,1338.06121652,61.54571549
2009/07,합계,27.78776746,54.53832388,83.77346666,343.08209395,103.55309325,107.85046624,64.3777977,,73.8425666,63.5549184,79.842194,0,64.6407813,3.9080276,5508.90531062,54.6095191
2009/06,합계,24.50595898,51.89281937,83.76960734,203.91670957,98.02347379,120.62110304,72.2921399,,81.202372,72.6731303,90.8812285,83.3333333,73.2997486,2.4425654,4923.435615,51.12152531
2009/05,합계,28.9568271,60.69356174,96.61947744,134.41194744,124.75157868,142.76925215,92.4158408,,98.0553922,92.3441731,109.8969522,98.9583333,92.5899851,6.0799828,1272.66530222,58.356003
2009/04,합계,33.47900252,58.89494248,110.1890772,119.67670201,135.30282904,169.46038138,113.179983,,115.5707109,113.1813448,130.2601609,0,113.2098236,12.5782738,738.2878368,64.5666913
2009/03,합계,36.139092,63.77163434,119.69626138,115.31585365,144.31420738,181.38199548,125.5411207,,124.2496126,125.8752895,141.9088072,0,124.9772332,9.9465259,794.30704441,71.24116758
2009/02,합계,43.46760084,73.32612244,148.97530149,124.57048072,183.22277407,232.33479835,159.2389541,,159.5115477,158.1530128,181.3308451,0,159.5098795,9.438833,1527.38336123,84.92556944
2009/01,합계,47.50326752,75.97765756,163.14258832,144.48122326,195.15084133,255.1158538,153.049564,,150.9235691,151.9749497,187.9856805,0,155.0332087,3.527675,1128.9515477,91.40206271
2008/12,합계,46.03567692,65.79875743,157.1602996,199.89802756,181.56165792,275.8928813,165.698799,,168.101673,167.0397693,186.7402219,0,165.6014604,2.7467888,4030.66635745,85.40049857
2008/11,합계,44.37584261,61.19737286,150.13827174,234.95421465,173.06013086,254.67390422,158.0949197,,162.3519388,159.2873094,182.1160868,0,158.9994364,14.5002999,825.81825209,81.87952203
2008/10,합계,40.64263873,53.84622665,141.28762312,260.60900518,156.57019317,207.19398793,140.8061042,,150.202383,142.0270033,167.2352709,0,141.7442737,19.3490253,592.33567852,71.46179319
2008/09,합계,36.56542545,51.27258297,135.5971115,249.02120134,155.71532737,204.34767709,142.9396135,,139.8068524,138.1642704,138.4055703,0,123.7401329,4.1105456,1122.65061166,69.35944094
2008/08,합계,33.27843741,49.85461648,125.82733104,294.02085446,155.68651974,163.87951821,100.4039465,,121.9913752,103.2292114,122.9066836,0,100.0363258,3.9246046,1271.99664685,62.65600761
2008/07,합계,42.62415358,56.11108152,132.53139551,202.36259335,147.19209813,211.75039634,114.4393041,,132.7288893,109.2500452,133.48428,0,114.6978359,3.5594347,1741.49181213,73.72857874
2008/06,합계,37.65142452,50.89740256,119.07492494,212.49956404,134.72148146,195.66698992,102.8265153,,117.8398222,98.5947049,124.3997986,0,109.3831851,8.6797209,1765.06304906,62.72267144
2008/05,합계,38.72046903,50.14822295,120.2933788,208.69569167,122.73306324,175.77496074,106.2606525,,112.129864,106.0386822,121.7977225,0,106.5134152,5.0838766,1037.25147561,62.79449645
2008/04,합계,36.88151926,42.23663133,73.87371774,178.02691465,129.94888365,191.7283286,109.8850055,,114.2669999,110.0575225,124.4746636,0,109.819189,4.0378088,1179.73885919,60.7134278
2008/03,합계,36.76403234,42.29465366,74.29007231,166.89467405,128.47815255,223.27285931,108.4995833,,113.399442,109.6881884,125.580452,0,109.1396348,3.0049769,1215.05116912,60.28814403
2008/02,합계,36.48033809,42.18312026,76.69595027,151.87086248,127.2095306,156.1720339,103.4871665,,107.0074777,107.6459458,124.4024452,0,103.7210674,4.0783365,1464.80334905,61.91711445
2008/01,합계,38.6575166,44.42672304,78.49727384,152.19039946,124.00720442,223.90244834,104.6761757,,112.394089,103.8819407,128.0017942,0,104.797857,3.6356841,1573.36078811,65.52086548
2007/12,합계,39.24205167,40.69242284,69.34133466,139.06412007,114.12266096,204.3603423,97.4671061,,98.1571116,95.7413995,114.1066525,0,96.9301318,6.3423921,3395.69560218,60.2417586
2007/11,합계,39.42384346,40.73202818,68.6798241,132.92641356,109.16409355,245.24448797,89.6446486,,91.3858793,89.4345169,104.1021739,0,89.7852448,1.9052041,3444.65685421,57.52795524
2007/10,합계,39.76861904,40.8653803,69.00709983,135.68477251,104.96874903,237.78260112,85.4783535,,89.4769163,82.5180691,98.1526242,0,85.5862569,2.4786505,7677.97904845,57.25991747
2007/09,합계,37.59236505,39.50478985,71.22666573,150.46873609,101.42943091,133.97641251,69.5502982,,73.2627763,69.9985023,82.6405377,0,63.6191704,2.3449739,,52.49961335
2007/08,합계,39.56547159,41.21927692,74.41805116,143.07547134,106.71606141,143.68385144,71.1105092,,85.8366021,68.4388778,87.6799047,0,71.4157312,2.9698362,,55.78071569
2007/07,합계,40.44861078,42.00483816,76.93908867,150.64850044,103.25002102,162.13515211,74.6210664,,82.7068241,75.6598719,92.5962464,0,74.1391739,2.9100823,,56.00094322
2007/06,합계,39.14112509,40.7587009,58.56831585,118.91463499,100.77463428,162.9223296,80.5529615,,87.125895,82.5811318,95.2250341,0,80.100131,3.2972292,,55.7050392
2007/05,합계,39.38426463,40.70341035,55.89143258,106.11597532,99.10538614,146.84920745,80.5458398,,83.2032775,82.0909765,92.3551083,0,80.4739791,3.510578,,54.86068606
2007/04,합계,39.42183946,40.75334379,55.31676364,109.51869469,99.63048069,223.73090633,81.9868952,,82.6651055,82.1382542,94.2282957,0,82.2306717,2.3891453,,54.84705252
2007/03,합계,39.28499068,40.97304102,55.99479362,103.85239295,105.01151201,163.46913665,87.9643997,,89.21642,88.4010288,100.8597717,0,88.3651579,2.566397,,57.64558932
2007/02,합계,38.43669334,40.15747067,60.35019974,102.22004094,102.62874591,150.32258894,80.60633,,80.7908339,85.9648563,95.9666461,0,80.5442888,4.1868975,,55.95273462
2007/01,합계,40.93989923,42.39506584,68.21589031,104.96090859,107.84540517,206.3420811,85.6063184,,87.758109,86.8756801,100.6411254,0,85.801182,6.5519621,,58.68188399
2006/12,합계,37.44524588,38.09278051,49.58932461,104.75497172,106.41074751,159.1849312,88.4394728,0,87.8144015,89.4053128,100.0728819,0,88.928026,92.3218848,,56.12191594
2006/11,합계,36.84178021,37.65675539,52.76479018,106.25080733,107.05347686,187.5384301,87.5199652,0,88.3148445,86.3995388,99.3981631,0,88.6506879,90.3281978,,54.86639831
2006/10,합계,37.25937903,34.95696342,61.64345755,138.10541662,110.58374687,129.24268118,71.2063157,0,74.6237117,66.3649975,83.4105451,0,66.7067991,75.8837573,,48.72034881
2006/09,합계,36.88584299,34.35737939,57.11651626,133.31169521,104.22816647,147.6486333,0,0,82.7949595,65.4487671,88.3758207,0,72.9872269,84.4644044,,49.65678268
2006/08,합계,36.97710561,33.75070425,58.21904211,134.00807357,106.93142757,122.21153828,0,0,85.5027576,65.9895863,82.9184642,0,70.7201515,84.0142576,,50.88088193
2006/07,합계,37.09503744,34.22851722,63.28999322,168.44184473,101.82397957,114.17125536,0,0,72.7420442,63.8034494,71.8494916,0,62.831397,76.0174315,,48.22942455
2006/06,합계,37.41127237,34.68959728,58.14018697,136.8574508,96.1798049,134.92664439,0,0,78.1756212,70.426584,81.828965,0,69.4266717,78.7150443,,49.07408491
2006/05,합계,39.65381922,41.92553588,54.25601563,149.63422872,102.17462902,148.82070801,0,0,83.1137973,80.4881919,90.7809287,0,80.8658869,84.6774902,,54.15354026
2006/04,합계,39.96295831,42.54555556,50.92485142,125.5786192,99.72232724,148.05553914,0,0,83.9514897,82.4237841,92.455293,0,82.8255031,84.3760184,,56.83869762
2006/03,합계,39.71306708,42.36674221,49.5921391,112.07581432,99.20877717,171.81088572,0,0,86.6631044,84.4450595,97.4497136,0,84.9679026,86.267993,,58.4416103
2006/02,합계,39.58319249,43.70628861,50.59157247,108.25357001,98.34113707,163.83925034,0,0,83.2742367,82.153582,92.9922434,0,82.1344117,82.7059786,,56.09638208
2006/01,합계,39.32455284,43.85874687,53.46993098,102.24253943,106.28174283,149.28073849,0,0,78.424961,80.325949,92.9551786,0,79.300334,79.2376011,,55.82097047
2005/12,합계,39.41414602,43.70544513,50.92827132,107.30183328,94.74711313,158.59076255,0,0,80.7938989,80.3396458,92.8089793,0,80.5644225,81.852879,,56.30011337
2005/11,합계,39.24196347,44.28161911,50.75965203,113.39721259,94.01911365,163.09309217,0,0,75.9871396,75.3446509,86.4678817,0,75.6595477,76.0929624,,54.06456957
2005/10,합계,39.07244752,43.94840661,54.34528154,134.9862939,90.81028591,139.42506292,0,0,65.798513,60.5326462,75.078941,0,63.3350838,69.735947,,50.41964586
2005/09,합계,38.91567493,44.10214944,57.07540373,112.56655865,92.19829553,114.37436496,0,0,67.6695708,60.337296,72.6902338,0,61.2273144,72.6799157,,51.80818991
2005/08,합계,38.72351757,43.17266882,56.57611667,163.08456953,87.82413922,91.06968172,0,0,62.1203169,49.9411821,65.3085953,0,51.7986074,63.3440573,,49.30308702
2005/07,합계,38.90690151,42.90605743,53.39424948,100.69112768,83.26953015,101.57018067,0,0,63.0416566,51.4338642,66.5059653,0,53.4712601,62.7304084,,49.79231464
2005/06,합계,39.34146904,43.10967591,58.50164915,105.62982256,80.03507492,91.91862266,0,0,58.2609858,49.6725039,64.9543768,0,50.8579615,56.8237264,,48.93903928
2005/05,합계,39.21816555,43.57010078,56.98290151,93.44126633,83.76133334,85.48179643,0,0,50.7172841,46.3920829,58.5927312,0,45.5174761,51.3196488,,47.65450854
2005/04,합계,39.22825677,42.84473578,52.5567179,72.98784337,81.81676122,95.62775781,0,0,52.6108468,52.4053468,60.5374145,0,51.9268511,52.1682192,,47.43304142
2005/03,합계,39.40639729,42.7297949,49.56645681,74.48605627,79.75971313,167.05755822,0,0,61.9166549,61.2499704,70.1777307,0,61.4407916,61.7630254,,50.64824576
2005/02,합계,38.63360138,44.08072,53.73023905,80.59681439,85.32107651,113.07504037,0,0,60.5321556,60.7825748,72.0097649,0,61.6181995,61.549858,,50.88308608
2005/01,합계,39.08719502,43.97442018,50.51541519,82.40368849,84.23261888,131.52045143,0,0,66.0910703,66.6415544,76.3517715,0,66.455466,66.9434299,,52.95884113
2004/12,합계,39.30827281,44.61703758,52.09721357,88.99737483,84.54002061,139.35451483,0,0,61.5729039,61.7844186,73.2235617,0,62.6272517,65.6627434,,51.37735257
2004/11,합계,39.39975661,43.88695191,53.25494867,80.38907632,82.87238756,153.04607443,0,0,59.1222402,60.8293032,70.9327318,0,60.1555927,62.2105557,,50.69568785
2004/10,합계,39.25937654,43.22948617,52.54365747,83.33808363,81.56627056,157.83444357,0,0,59.9703538,58.3403856,67.5897022,0,57.8419552,60.3206235,,49.62081897
2004/09,합계,40.00640372,42.64425234,61.91072499,85.26888053,85.07997709,91.92571975,0,0,45.6465983,47.6758592,59.8935007,0,46.9628153,59.3512262,,49.25813001
2004/08,합계,40.04224468,42.38887084,57.7434782,92.54020205,85.23961878,75.57842718,0,0,0,41.5488573,52.7984705,0,44.4540683,55.315406,,48.58663124
2004/07,합계,39.50471846,41.15774914,57.74654216,90.46216842,77.38743182,89.41411259,0,0,0,46.648208,55.7914314,0,47.70889,56.9494607,,48.44056456
2004/06,합계,39.35244311,40.86328047,54.12211032,79.0765831,75.23074955,111.67568401,0,0,0,52.3548708,60.8734427,0,51.3776127,51.6145115,,48.11412623
2004/05,합계,39.72401342,40.50205854,50.44041532,80.16847013,73.89581409,135.88771031,0,0,0,53.9813573,62.9013608,0,53.4461639,56.7099486,,48.06300347
2004/04,합계,39.71053795,40.08431045,49.03889017,81.49302878,73.31474476,179.29647358,0,0,0,57.4571617,66.6607197,0,56.8146321,59.2057171,,48.5408894
2004/03,합계,39.63008734,40.27359901,46.78512375,75.34571107,75.79259759,216.2836709,0,0,0,60.0670337,70.3922318,0,59.9816989,61.7269727,,49.45427352
2004/02,합계,39.08250013,40.90959723,45.76584621,74.55746679,74.67209346,193.81853154,0,0,0,59.4763191,69.9337734,0,59.9387842,61.9602431,,49.6337698
2004/01,합계,39.10451909,41.0474187,48.03195124,75.03013675,72.13215807,100.19436854,0,0,0,51.3181689,64.5793252,0,54.0594669,58.0927895,,48.34647072
2003/12,합계,40.61904652,42.18245505,47.38285941,70.70296327,74.34791732,134.52261805,0,0,0,55.4781847,64.6715876,0,55.3896324,57.1567753,,48.92273553
2003/11,합계,40.14053117,42.13861261,47.60809936,69.4539005,79.94049107,110.53911885,0,0,0,51.0860441,60.464032,0,49.8993125,52.9541583,,47.89998595
2003/10,합계,39.53668727,42.1827789,48.90795956,69.54758321,88.58727591,93.27868529,0,0,0,49.402729,58.984378,0,46.4239551,48.0729378,,47.58749522
2003/09,합계,39.28682273,42.80777976,56.09569091,75.14704339,85.23818788,76.97038409,0,0,0,40.0457021,48.0700213,0,40.3622762,54.0443524,,48.08035401
2003/08,합계,37.96916665,42.13467121,56.25614969,104.43740592,80.40714015,78.11453042,0,0,0,33.8569844,45.1605116,0,35.7635277,50.1591131,,46.20453358
2003/07,합계,38.22546617,42.37219128,63.60532854,98.04042252,86.70802414,84.77384017,0,0,0,37.4303601,48.3960565,0,38.0846984,51.912038,,46.71845639
2003/06,합계,39.76837916,41.60072864,53.4519897,84.57294101,78.27961178,112.9117583,0,0,0,51.1389943,62.7399976,0,48.8522028,58.0244366,,48.32385328
2003/05,합계,40.39813689,42.21779617,51.03981429,84.6959542,76.39450961,120.9707836,0,0,0,56.5908968,65.0505727,0,56.1832345,60.5628288,,50.00969512
2003/04,합계,40.50004895,42.08081283,47.73988983,79.34905497,75.46569899,121.14384372,0,0,0,56.5079719,65.6187896,0,55.2695811,58.1525833,,48.975747
2003/03,합계,40.52552666,42.00372989,46.86071162,73.73476648,83.55049971,101.11358851,0,0,0,57.4804315,66.3471852,0,56.1476178,57.1982608,,49.38310009
2003/02,합계,40.27382284,42.09861868,47.82303352,70.55916796,96.51686899,89.8366617,0,0,0,56.3707316,66.1721998,0,53.4349019,55.813857,,51.32212926
2003/01,합계,40.20161974,42.13404938,48.74206067,74.93442815,96.40254276,85.74194182,0,0,0,55.3952223,67.3744615,0,54.4757552,55.4226399,,50.27246263
2002/12,합계,39.68395659,41.9310899,45.61226181,74.3543443,95.61615319,86.48204188,0,0,0,0,68.0787061,0,0,0,,49.46275937
2002/11,합계,39.6261892,41.68119675,44.31155046,67.54311469,73.46320997,118.31145099,0,0,0,0,65.3300035,0,0,0,,47.7163064
2002/10,합계,40.0242029,41.82697236,45.93985757,76.82616115,67.26834021,129.14587091,0,0,0,0,58.7556132,0,0,0,,46.29073193
2002/09,합계,39.02689072,43.05620681,54.44081653,75.70963344,72.44842143,79.56329884,0,0,0,0,47.8163006,0,0,0,,46.87911953
2002/08,합계,38.91258329,44.84454552,47.94989234,99.07906787,72.52420844,88.98416702,0,0,0,0,44.1684569,0,0,0,,46.7897831
2002/07,합계,39.6341298,42.63460953,49.21512038,85.47698223,71.28570848,72.87180586,0,0,0,0,50.7446896,0,0,0,,46.7408483
2002/06,합계,39.6206231,42.99324363,49.68033306,82.4645582,72.48848791,75.3963894,0,0,0,0,50.7363594,0,0,0,,46.39064452
2002/05,합계,39.37185487,41.66046736,48.69151081,66.75507665,75.68979925,81.2183233,0,0,0,0,58.9023765,0,0,0,,46.03993482
2002/04,합계,40.29989034,41.60040117,50.46536391,60.49094659,73.21190786,72.71728055,0,0,0,0,56.6115991,0,0,0,,46.26555134
2002/03,합계,39.35188023,42.0886901,51.1184527,62.85430145,74.2479346,74.23322883,0,0,0,0,60.5903633,0,0,0,,46.54692767
2002/02,합계,38.93293688,42.39458102,54.2437268,71.51587131,79.34000015,81.14316753,0,0,0,0,60.5317227,0,0,0,,47.34720756
2002/01,합계,40.21211148,41.9052864,48.96326115,72.52170037,79.25681774,104.91208319,0,0,0,0,67.2300531,0,0,0,,48.75053314
